players,card,pairs,keep_win_share,exchange_win_share,paired_difference,ci_low,ci_high,mean_vp_difference,keep_placed,exchange_placed
2,human_king,32,0.8125,0.65625,0.15625,-0.03125,0.3125,1.65625,0.40625,0
2,golem_king,32,0.765625,0.65625,0.109375,-0.0625,0.296875,0.53125,0.0625,0
2,elf_queen,32,0.75,0.65625,0.09375,-0.078125,0.28125,1.5,0.15625,0
2,dwarf_king,32,0.71875,0.65625,0.0625,-0.15625,0.28125,3,0.125,0
2,elf_caster,32,0.65625,0.625,0.03125,-0.1875,0.234375,4.75,0.15625,0.0625
2,demon_storm,32,0.6875,0.671875,0.015625,-0.203125,0.25,-1.40625,0,0
2,goblin_king,32,0.546875,0.546875,0,-0.1875,0.1875,-1.625,0.3125,0
2,golem_cristal,32,0.59375,0.625,-0.03125,-0.203125,0.15625,-1.40625,0.53125,0.1875
2,dwarf_beer,32,0.5625,0.703125,-0.140625,-0.328125,0.0625,-1.71875,0.21875,0.0625
5,golem_king,32,0.421875,0.15625,0.265625,0.125,0.421875,0.6875,0.21875,0
5,dwarf_king,32,0.3125,0.28125,0.03125,-0.15625,0.234375,-3.1875,0.375,0
5,elf_queen,32,0.375,0.359375,0.015625,-0.140625,0.171875,-1.8125,0.25,0
5,dwarf_beer,32,0.390625,0.390625,0,-0.21875,0.21875,-0.40625,0.375,0.1875
5,goblin_king,32,0.359375,0.390625,-0.03125,-0.21875,0.15625,1.1875,0.25,0
5,human_king,32,0.3125,0.375,-0.0625,-0.21875,0.125,0.75,0.40625,0
5,demon_storm,32,0.203125,0.3125,-0.109375,-0.296875,0.09375,-1.09375,0,0
5,golem_cristal,32,0.3125,0.421875,-0.109375,-0.328125,0.125,3.125,0.53125,0.125
5,elf_caster,32,0.26041666666666663,0.390625,-0.13020833333333334,-0.28125,0.026041666666666664,-0.15625,0.125,0.03125
