players,strategy,opening_n,opening_frequency,conditional_win_share,ci_low,ci_high,tie_split_frequency,all_round_frequency
2,economy,12,0.09375,0.6666666666666666,0.4,0.9166666666666666,0.10585007440476189,0.11604095563139932
2,tech,18,0.140625,0.5555555555555556,0.3333333333333333,0.7692307692307693,0.12246093749999998,0.10580204778156997
2,bonus,9,0.0703125,0.5555555555555556,0.2222222222222222,0.875,0.0764229910714286,0.10409556313993173
2,savings,25,0.1953125,0.52,0.34782608695652173,0.7,0.20080915178571426,0.16723549488054607
2,war,26,0.203125,0.46153846153846156,0.2727272727272727,0.64,0.17141927083333328,0.20477815699658702
2,balanced,11,0.0859375,0.45454545454545453,0.16666666666666666,0.8,0.09863281249999997,0.08703071672354949
2,rush,19,0.1484375,0.42105263157894735,0.2,0.65,0.13605840773809522,0.12457337883959044
2,faith,8,0.0625,0.375,0,0.75,0.08834635416666668,0.09044368600682594
3,war,30,0.15625,0.45,0.2916666666666667,0.625,0.1658420138888889,0.19607843137254902
3,faith,21,0.109375,0.38095238095238093,0.2,0.5666666666666667,0.1210131448412698,0.10294117647058823
3,bonus,11,0.057291666666666664,0.36363636363636365,0.09090909090909091,0.6875,0.07109995039682539,0.10661764705882353
3,rush,17,0.08854166666666667,0.35294117647058826,0.13333333333333333,0.6,0.063671875,0.11887254901960784
3,savings,40,0.20833333333333334,0.3,0.18292682926829268,0.43023255813953487,0.22336929563492067,0.1642156862745098
3,economy,30,0.15625,0.2833333333333333,0.12962962962962962,0.45588235294117646,0.14552951388888888,0.11029411764705882
3,balanced,16,0.08333333333333333,0.28125,0.08333333333333333,0.5,0.0651971726190476,0.10049019607843138
3,tech,27,0.140625,0.2777777777777778,0.11666666666666667,0.4523809523809524,0.14427703373015874,0.10049019607843138
4,tech,24,0.09375,0.5,0.3181818181818182,0.7058823529411765,0.09512648809523809,0.09296028880866426
4,economy,37,0.14453125,0.2972972972972973,0.1568627450980392,0.43333333333333335,0.12672991071428572,0.1164259927797834
4,war,34,0.1328125,0.2647058823529412,0.12903225806451613,0.41935483870967744,0.13364955357142858,0.20216606498194944
4,rush,36,0.140625,0.25,0.11764705882352941,0.38235294117647056,0.1429129464285714,0.12093862815884476
4,balanced,17,0.06640625,0.23529411764705882,0.05555555555555555,0.42857142857142855,0.06491815476190474,0.08032490974729242
4,savings,47,0.18359375,0.23404255319148937,0.13157894736842105,0.3333333333333333,0.19836309523809528,0.16877256317689532
4,faith,27,0.10546875,0.18518518518518517,0.05,0.3333333333333333,0.10235305059523808,0.10830324909747292
4,bonus,34,0.1328125,0.08823529411764706,0,0.17647058823529413,0.1359468005952381,0.11010830324909747
5,bonus,25,0.078125,0.32,0.15789473684210525,0.5,0.08835193452380949,0.10068493150684932
5,war,43,0.134375,0.313953488372093,0.20588235294117646,0.43243243243243246,0.13742931547619047,0.18424657534246575
5,savings,53,0.165625,0.23270440251572325,0.12994350282485875,0.35555555555555557,0.15832217261904763,0.1643835616438356
5,economy,37,0.115625,0.2252252252252252,0.10964912280701755,0.3602150537634408,0.12446800595238094,0.10342465753424658
5,tech,43,0.134375,0.16279069767441862,0.06,0.27450980392156865,0.11621651785714282,0.10684931506849316
5,rush,39,0.121875,0.14957264957264957,0.05238095238095238,0.2638888888888889,0.10501860119047615,0.13835616438356163
5,balanced,33,0.103125,0.12121212121212122,0.029411764705882353,0.23076923076923078,0.09788318452380948,0.08561643835616438
5,faith,47,0.146875,0.10638297872340426,0.025,0.20454545454545456,0.17231026785714287,0.11643835616438356
