players,card,support,pairs,keep_win_share,exchange_win_share,paired_difference,ci_low,ci_high,mean_vp_difference,keep_placed,exchange_placed
2,human_king,true,43,0.6395348837209303,0.6976744186046512,-0.05813953488372093,-0.19767441860465115,0.08139534883720931,2.13953488372093,0.5348837209302325,0
2,human_king,false,21,0.5952380952380952,0.5476190476190477,0.047619047619047616,-0.2619047619047619,0.3333333333333333,-2.7142857142857144,0.3333333333333333,0
2,golem_cristal,true,25,0.58,0.5,0.08,-0.18,0.34,3.8,0.52,0.08
2,golem_cristal,false,39,0.5512820512820513,0.7307692307692307,-0.1794871794871795,-0.358974358974359,0,-4.333333333333333,0.5128205128205128,0.15384615384615385
2,golem_king,true,58,0.5775862068965517,0.646551724137931,-0.06896551724137931,-0.23275862068965517,0.10344827586206896,-1.7241379310344827,0.13793103448275862,0
2,golem_king,false,6,1,0.8333333333333334,0.16666666666666666,0,0.5,2.1666666666666665,0.3333333333333333,0
5,human_king,true,43,0.45348837209302323,0.36046511627906974,0.09302325581395349,-0.13953488372093023,0.29069767441860467,8.511627906976743,0.6511627906976745,0
5,human_king,false,21,0.3333333333333333,0.42857142857142855,-0.09523809523809523,-0.38095238095238093,0.19047619047619047,-2.5714285714285716,0.38095238095238093,0
5,golem_cristal,true,33,0.36363636363636365,0.4090909090909091,-0.045454545454545456,-0.2878787878787879,0.18181818181818182,-3,0.5757575757575758,0.030303030303030304
5,golem_cristal,false,31,0.3870967741935484,0.3225806451612903,0.06451612903225806,-0.16129032258064516,0.2903225806451613,1.7096774193548387,0.6129032258064516,0.1935483870967742
5,golem_king,true,62,0.29838709677419356,0.3951612903225806,-0.0967741935483871,-0.22580645161290322,0.04032258064516129,1.1612903225806452,0.1774193548387097,0
5,golem_king,false,2,0.25,0.5,-0.25,-0.5,0,-1,0,0
