group,players,strategy,games,blocks,win_share,ci_low,ci_high,mean_vp,mean_rank,mean_rounds,mean_cards,mean_gold,mean_tech,mean_faith,war_reward,war_effect,placement_vp,bonus_vp,recurring_vp,gold_vp,income_gold,develop_points
standard/2,2,savings,336,24,0.5714285714285714,0.5044642857142857,0.6458333333333333,47.288690476190474,1.4136904761904763,4.5476190476190474,6.854166666666667,13.294642857142858,1.5505952380952381,4.586309523809524,10.416666666666666,2.4910714285714284,0.8363095238095238,3.5863095238095237,24.375,5.583333333333333,24.05952380952381,1.630952380952381
standard/2,2,war,336,24,0.5401785714285714,0.4895833333333334,0.5922619047619048,46.30059523809524,1.4464285714285714,4.532738095238095,7.157738095238095,9.8125,2.5238095238095237,4.714285714285714,10.916666666666666,5.458333333333333,0.9910714285714286,2.4464285714285716,22.773809523809526,3.7142857142857144,21.011904761904763,2.6636904761904763
standard/2,2,rush,336,24,0.53125,0.4479166666666667,0.6205357142857142,46.291666666666664,1.4523809523809523,4.5476190476190474,7.148809523809524,9.160714285714286,2.556547619047619,5.190476190476191,12,4.964285714285714,0.8988095238095238,2.232142857142857,22.723214285714285,3.4732142857142856,20.49404761904762,3.113095238095238
standard/2,2,bonus,336,24,0.5133928571428571,0.4538690476190475,0.5803571428571429,45.904761904761905,1.4613095238095237,4.488095238095238,7.029761904761905,9.324404761904763,2.818452380952381,5.157738095238095,9.952380952380953,3.669642857142857,0.9494047619047619,2.669642857142857,25.101190476190474,3.5625,20.523809523809526,3.0595238095238093
standard/2,2,balanced,336,24,0.49107142857142855,0.4479166666666666,0.5327380952380952,45.87202380952381,1.4791666666666667,4.517857142857143,6.8898809523809526,9.535714285714286,2.431547619047619,5.184523809523809,10.333333333333334,3.75,0.8482142857142857,2.4017857142857144,24.976190476190474,3.5625,21.038690476190474,2.9761904761904763
standard/2,2,faith,336,24,0.46279761904761907,0.39285714285714285,0.5312499999999999,45.38392857142857,1.5178571428571428,4.5773809523809526,6.916666666666667,9.258928571428571,1.4345238095238095,6.059523809523809,11.238095238095237,4.3601190476190474,0.9136904761904762,2.3214285714285716,23.38095238095238,3.169642857142857,20.086309523809526,2.7410714285714284
standard/2,2,tech,336,24,0.4479166666666667,0.38095238095238093,0.5133928571428571,44.723214285714285,1.5297619047619047,4.491071428571429,6.681547619047619,9.625,3.1875,4.788690476190476,9.916666666666666,2.8452380952380953,0.9017857142857143,2.4404761904761907,25.145833333333332,3.4732142857142856,21.18154761904762,3.1607142857142856
standard/2,2,economy,336,24,0.4419642857142857,0.38392857142857145,0.5044642857142856,46.31547619047619,1.5386904761904763,4.535714285714286,6.970238095238095,11.541666666666666,2.794642857142857,4.619047619047619,9.761904761904763,2.619047619047619,0.9791666666666666,2.931547619047619,25.61904761904762,4.404761904761905,23.93154761904762,2.7648809523809526
standard/3,3,war,504,168,0.386574074074074,0.3475529100529102,0.42460317460317465,44.65674603174603,1.8571428571428572,4.242063492063492,6.748015873015873,8.880952380952381,2.267857142857143,4.111111111111111,14.511904761904763,5.430555555555555,0.8869047619047619,2.5396825396825395,18.09722222222222,3.1904761904761907,19.41468253968254,2.517857142857143
standard/3,3,economy,504,168,0.38591269841269843,0.346230158730159,0.4285714285714284,44.583333333333336,1.9007936507936507,4.242063492063492,6.720238095238095,11.140873015873016,2.7182539682539684,3.7718253968253967,12.916666666666666,2.7043650793650795,0.873015873015873,3.3174603174603177,20.76984126984127,4.001984126984127,22.803571428571427,2.1984126984126986
standard/3,3,savings,504,168,0.37202380952380953,0.33432539682539714,0.4136904761904763,43.807539682539684,1.9444444444444444,4.212301587301587,6.5476190476190474,12.01984126984127,1.9246031746031746,3.3968253968253967,12.255952380952381,2.5694444444444446,0.6527777777777778,3.505952380952381,20.571428571428573,4.251984126984127,22.03174603174603,1.6091269841269842
standard/3,3,balanced,504,168,0.3379629629629629,0.3065476190476193,0.369708994708995,43.51190476190476,1.9702380952380953,4.257936507936508,6.611111111111111,9.39484126984127,2.9484126984126986,4.773809523809524,13.029761904761905,3.357142857142857,0.7003968253968254,2.6726190476190474,20.71825396825397,3.0337301587301586,19.865079365079364,3.4662698412698414
standard/3,3,tech,504,168,0.30886243386243384,0.27513227513227523,0.34391534391534395,43.42261904761905,2.007936507936508,4.279761904761905,6.442460317460317,8.799603174603174,3.9007936507936507,3.6765873015873014,12.601190476190476,3.25,0.6825396825396826,2.0496031746031744,21.916666666666668,2.9226190476190474,19.58730158730159,3.265873015873016
standard/3,3,bonus,504,168,0.29398148148148145,0.259589947089947,0.32969576719576754,43.16865079365079,2.0436507936507935,4.263888888888889,6.642857142857143,8.884920634920634,2.861111111111111,4.472222222222222,12.557539682539682,3.628968253968254,0.7936507936507936,2.625,20.636904761904763,2.9265873015873014,19.279761904761905,3.0992063492063493
standard/3,3,rush,504,168,0.2916666666666667,0.255952380952381,0.3244047619047621,43.55952380952381,1.994047619047619,4.299603174603175,6.744047619047619,8.88888888888889,2.642857142857143,4.454365079365079,14.202380952380953,4.067460317460317,0.7579365079365079,2.8432539682539684,18.591269841269842,3.0972222222222223,19.297619047619047,3.1765873015873014
standard/3,3,faith,504,168,0.2896825396825397,0.25297619047619074,0.3263888888888891,42.64484126984127,2.0575396825396823,4.267857142857143,6.60515873015873,8.988095238095237,2.0496031746031744,5.611111111111111,14.128968253968255,4.045634920634921,0.7857142857142857,2.638888888888889,18.083333333333332,2.9623015873015874,19.261904761904763,3.517857142857143
standard/4,4,economy,1120,280,0.2671130952380952,0.2430059523809524,0.2933035714285714,41.72857142857143,2.411607142857143,4.332142857142857,6.834821428571429,11.188392857142857,2.807142857142857,3.8794642857142856,10.183928571428572,2.4875,0.8044642857142857,3.1375,21.263392857142858,3.851785714285714,23.09107142857143,2.325
standard/4,4,bonus,1120,280,0.2565476190476191,0.23467261904761907,0.2794642857142857,41.59196428571428,2.4107142857142856,4.3125,6.791071428571429,9.033928571428572,2.8035714285714284,4.551785714285714,10.182142857142857,3.1660714285714286,0.7580357142857143,2.7517857142857145,21.70357142857143,3.030357142857143,19.799107142857142,3.1892857142857145
standard/4,4,war,1120,280,0.2558035714285714,0.23214285714285715,0.28035714285714286,41.808928571428574,2.4160714285714286,4.348214285714286,6.888392857142857,9.266964285714286,2.244642857142857,4.3116071428571425,11.969642857142857,4.774107142857143,0.8446428571428571,2.7955357142857142,18.113392857142856,3.311607142857143,20.083928571428572,2.619642857142857
standard/4,4,faith,1120,280,0.2529761904761905,0.22901785714285713,0.27589285714285716,41.09910714285714,2.475,4.355357142857143,6.742857142857143,8.694642857142858,1.957142857142857,5.646428571428571,11.67142857142857,3.6767857142857143,0.8339285714285715,2.7017857142857142,19.271428571428572,2.94375,19.62857142857143,3.5089285714285716
standard/4,4,balanced,1120,280,0.2488095238095238,0.225,0.27202380952380956,41.23392857142857,2.4794642857142857,4.334821428571429,6.7125,9.405357142857143,2.7142857142857144,4.847321428571429,10.132142857142858,2.8964285714285714,0.7964285714285714,2.4178571428571427,21.839285714285715,3.1517857142857144,20.29642857142857,3.2482142857142855
standard/4,4,tech,1120,280,0.246875,0.22470238095238093,0.2680059523809524,41.21875,2.4669642857142855,4.3375,6.647321428571429,9.253571428571428,4.0008928571428575,3.6901785714285715,10.184821428571428,2.8919642857142858,0.7339285714285714,2.10625,22.228571428571428,3.0732142857142857,20.701785714285716,3.3267857142857142
standard/4,4,savings,1120,280,0.24196428571428572,0.21919642857142857,0.26473214285714286,41.52946428571428,2.4544642857142858,4.335714285714285,6.701785714285714,12.124107142857143,2.1544642857142855,3.7392857142857143,9.747321428571428,2.35625,0.8401785714285714,3.25,20.894642857142856,4.441071428571429,22.416071428571428,1.7892857142857144
standard/4,4,rush,1120,280,0.22991071428571427,0.20669642857142856,0.25223214285714285,40.72767857142857,2.56875,4.3723214285714285,6.892857142857143,8.690178571428572,2.8419642857142855,4.5026785714285715,11.735714285714286,3.986607142857143,0.83125,2.474107142857143,18.599107142857143,3.100892857142857,19.367857142857144,3.33125
standard/5,5,savings,1400,280,0.2304761904761905,0.20928571428571466,0.25047619047619113,40.455,2.887857142857143,4.409285714285715,6.835714285714285,12.232857142857142,2.202857142857143,3.692857142857143,8.01142857142857,2.172142857142857,0.78,3.3407142857142857,21.700714285714287,4.45,22.994285714285713,1.7757142857142858
standard/5,5,economy,1400,280,0.2298809523809524,0.2109523809523811,0.2486904761904764,41.3,2.789285714285714,4.420714285714285,6.9714285714285715,11.297142857142857,2.915714285714286,4.186428571428571,8.67142857142857,2.2271428571428573,0.9185714285714286,3.084285714285714,22.393571428571427,4.005,23.592142857142857,2.6185714285714288
standard/5,5,war,1400,280,0.22,0.20023809523809555,0.24142857142857177,40.71142857142857,2.8714285714285714,4.4592857142857145,7.075714285714286,9.260714285714286,2.2992857142857144,4.666428571428572,10.39,4.465714285714285,0.9914285714285714,2.7007142857142856,18.855714285714285,3.307857142857143,20.56,2.829285714285714
standard/5,5,balanced,1400,280,0.2175,0.1996428571428572,0.23678571428571457,40.722857142857144,2.8985714285714286,4.439285714285714,6.868571428571428,9.397142857142857,2.880714285714286,5.067142857142857,8.739285714285714,2.7792857142857144,0.9042857142857142,2.4378571428571427,22.577142857142857,3.285,20.73857142857143,3.5114285714285716
standard/5,5,tech,1400,280,0.18773809523809526,0.16892857142857162,0.20654761904761926,40.09571428571429,3.0342857142857143,4.45,6.791428571428572,9.642857142857142,3.994285714285714,3.9685714285714284,8.329285714285714,2.717142857142857,0.7842857142857143,2.195,22.785,3.285,21.38357142857143,3.537142857142857
standard/5,5,bonus,1400,280,0.18035714285714288,0.16297619047619066,0.19797619047619072,39.767857142857146,2.9964285714285714,4.432142857142857,6.917142857142857,9.268571428571429,2.7935714285714286,4.789285714285715,8.287857142857144,2.912142857142857,0.7957142857142857,2.7285714285714286,21.958571428571428,3.085,20.463571428571427,3.3185714285714285
standard/5,5,faith,1400,280,0.17285714285714285,0.15535714285714303,0.19107142857142878,39.42642857142857,3.0485714285714285,4.446428571428571,6.897857142857143,8.842857142857143,2.117142857142857,5.910714285714286,9.760714285714286,3.2542857142857144,0.8371428571428572,2.5964285714285715,20.089285714285715,2.888571428571429,19.999285714285715,3.685
standard/5,5,rush,1400,280,0.16119047619047622,0.14440476190476187,0.1792857142857144,39.58642857142857,3.0421428571428573,4.446428571428571,7.005714285714285,8.816428571428572,2.769285714285714,4.781428571428571,10.053571428571429,3.62,0.7821428571428571,2.652857142857143,19.429285714285715,3.0485714285714285,19.824285714285715,3.3321428571428573
war-none/2,2,economy,8,4,0.75,0.5,1,49.125,1.25,5.125,7.875,14.125,3.125,6.625,0,0.5,1.75,4.125,38.25,4.5,32.875,2.75
war-none/2,2,savings,4,2,0.75,0.5,1,45.75,1.25,4.75,7.5,15,3,2,0,1.5,1.75,7.5,28.5,6.5,32.5,1.25
war-none/2,2,faith,8,4,0.625,0.5,0.875,43.25,1.375,5.125,7.5,9.5,2.375,7.125,0,0,1,2.25,36.75,3.25,24,2.875
war-none/2,2,rush,4,2,0.5,0.5,0.5,43.75,1.5,5,7.5,9.5,2.25,6.75,0,3.5,1,3.25,33,3,23.5,4.75
war-none/2,2,war,8,4,0.375,0.125,0.5,39.75,1.625,5,7.25,11.5,2.875,5.5,0,0,1.75,3.5,30.875,3.625,24.875,4.625
war-none/2,2,tech,6,3,0.3333333333333333,0,0.5,44.666666666666664,1.6666666666666667,5.166666666666667,6.333333333333333,12.833333333333334,5,4,0,1.6666666666666667,1.5,0.8333333333333334,36.666666666666664,4,25.333333333333332,4.666666666666667
war-none/2,2,bonus,6,3,0.3333333333333333,0,0.5,49.5,1.6666666666666667,5.166666666666667,7.166666666666667,11.333333333333334,0.8333333333333334,8.666666666666666,0,0,1.3333333333333333,3.8333333333333335,40.666666666666664,3.6666666666666665,24.666666666666668,5.166666666666667
war-none/2,2,balanced,4,2,0.25,0,0.5,40.25,1.75,4.75,6,12,3,0.75,0,0,0.25,2,34.25,3.75,25.25,1.5
war-none/5,5,bonus,45,9,0.28888888888888886,0.19999999999999998,0.3777777777777777,43.91111111111111,2.6666666666666665,4.977777777777778,7.4,11.2,3.533333333333333,5.466666666666667,0,0.9333333333333333,1.5777777777777777,3.088888888888889,34.022222222222226,4.288888888888889,25.2,3.4444444444444446
war-none/5,5,savings,35,7,0.2714285714285714,0.15714285714285717,0.35714285714285715,43.22857142857143,2.6,4.914285714285715,7.142857142857143,14.885714285714286,2.857142857142857,5.628571428571429,0,0.4,1,4.514285714285714,31.62857142857143,5.685714285714286,27.885714285714286,3.0285714285714285
war-none/5,5,war,40,8,0.225,0.15,0.30000000000000004,43.3,2.95,4.925,7.175,11.1,3.575,5.625,0,0.45,1.5,3.25,32.9,5.2,25.65,3.2
war-none/5,5,economy,45,9,0.17777777777777778,0.1111111111111111,0.24444444444444446,43.08888888888889,3,4.977777777777778,7.555555555555555,13.933333333333334,3.5555555555555554,4.688888888888889,0,0.9777777777777777,1.0888888888888888,4.088888888888889,32.6,4.333333333333333,29.11111111111111,2.688888888888889
war-none/5,5,tech,30,6,0.16666666666666666,0.10000000000000002,0.19999999999999998,42.7,2.933333333333333,4.933333333333334,6.933333333333334,9.933333333333334,5.233333333333333,6,0,0.6666666666666666,0.5666666666666667,2.1,36.333333333333336,3.033333333333333,23.266666666666666,5.666666666666667
war-none/5,5,balanced,30,6,0.15,0.05000000000000001,0.26666666666666666,41.833333333333336,2.8333333333333335,4.933333333333334,6.866666666666666,11.733333333333333,3.5,5.8,0,0.3333333333333333,1.0333333333333334,3.6,31.5,5.366666666666666,23.766666666666666,4.3
war-none/5,5,rush,40,8,0.15,0.07500000000000001,0.25,39.025,3.4,4.975,7.55,11.325,3.5,5.9,0,1.4,1.225,3.7,28.2,4.5,24.125,4.35
war-none/5,5,faith,35,7,0.14285714285714285,0.05714285714285715,0.2571428571428572,38.57142857142857,3.4,4.942857142857143,7.057142857142857,12,3.142857142857143,6,0,0.6857142857142857,1.0285714285714285,3.5714285714285716,28.6,4.685714285714286,24.771428571428572,4.4
war-winner/2,2,balanced,4,2,0.75,0.5,1,53.5,1.25,4,5.25,9.25,3.25,0,22,2.5,0.5,1.25,24.25,3,19.25,1
war-winner/2,2,savings,4,2,0.75,0.5,1,46.25,1.25,4,5.5,16.75,1.75,0.25,22,0.75,0,6.25,12,5.25,25.75,1
war-winner/2,2,bonus,6,3,0.6666666666666666,0.5,1,42.333333333333336,1.3333333333333333,3.6666666666666665,6.333333333333333,8.5,0.6666666666666666,5.166666666666667,13.333333333333334,2.1666666666666665,1.1666666666666667,2.5,20.666666666666668,2.5,18.666666666666668,2.3333333333333335
war-winner/2,2,war,8,4,0.625,0.25,1,48,1.375,3.875,6.625,9.125,1.125,3.375,23,4.5,0.875,2.5,14.375,2.75,19,1.5
war-winner/2,2,economy,8,4,0.5,0.125,0.875,43.875,1.5,3.625,6.5,9.375,1.125,4.75,18,2.75,0.875,2.5,16.875,2.875,20.375,2.625
war-winner/2,2,faith,8,4,0.375,0,0.75,48.75,1.625,4,6.375,8.75,0.875,3.75,21,2,0.75,3.125,18.625,3.25,19.125,1.375
war-winner/2,2,tech,6,3,0.3333333333333333,0,1,45.333333333333336,1.6666666666666667,4,5.333333333333333,12,3,1.3333333333333333,18.666666666666668,0.8333333333333334,0,0.5,21.5,3.8333333333333335,20.5,2.5
war-winner/2,2,rush,4,2,0,0,0,38.25,2,4,6.5,8,0.5,6.25,14,1,1.5,1.25,18.25,2.25,17.25,2.5
war-winner/5,5,war,40,8,0.3,0.15000000000000002,0.475,38,2.725,4.2,6.5,8.725,2.05,3.375,11.6,2.775,0.6,2.625,16.925,3.475,19.8,2.25
war-winner/5,5,tech,30,6,0.23333333333333334,0.19999999999999998,0.3,31.333333333333332,2.966666666666667,3.966666666666667,5.9,9.4,3.2666666666666666,2.6666666666666665,7.733333333333333,1.2,0.43333333333333335,1.3666666666666667,17.6,3,18.666666666666668,2.4
war-winner/5,5,rush,40,8,0.225,0.1,0.35000000000000003,37.1,3.05,4.225,6.65,8.425,2.075,4.725,10.2,2.25,0.625,2.375,18.925,2.725,18.45,3.225
war-winner/5,5,faith,35,7,0.21428571428571427,0.09999999999999999,0.32857142857142857,37.114285714285714,2.5428571428571427,4.085714285714285,6.2,8.514285714285714,1.8,4.628571428571429,13.028571428571428,1.457142857142857,0.37142857142857144,2.2,17.4,2.657142857142857,18.285714285714285,2.6
war-winner/5,5,economy,45,9,0.2111111111111111,0.14444444444444446,0.2777777777777778,36.333333333333336,2.8666666666666667,4.2,6.444444444444445,12.11111111111111,2.3555555555555556,2.6222222222222222,9.066666666666666,0.8888888888888888,0.8,3.0444444444444443,18.4,4.133333333333334,23.155555555555555,1.5777777777777777
war-winner/5,5,balanced,30,6,0.18333333333333332,0.06666666666666667,0.3,31.9,3,3.966666666666667,6.266666666666667,8.4,2.5,4.5,7.466666666666667,1.4333333333333333,0.6,1.4666666666666666,18.3,2.6333333333333333,17.766666666666666,2.8666666666666667
war-winner/5,5,bonus,45,9,0.15555555555555556,0.06666666666666668,0.2444444444444444,33.24444444444445,3.2666666666666666,4.177777777777778,6.644444444444445,8.666666666666666,2,3.933333333333333,7.288888888888889,1.4444444444444444,0.35555555555555557,2.2,19.177777777777777,2.7777777777777777,18.955555555555556,2.488888888888889
war-winner/5,5,savings,35,7,0.07142857142857142,0.014285714285714287,0.14285714285714285,34.542857142857144,3.085714285714286,4.142857142857143,6.085714285714285,12.142857142857142,1.542857142857143,2.657142857142857,7.542857142857143,0.5142857142857142,0.6,2.657142857142857,18.942857142857143,4.285714285714286,21.82857142857143,1
war-generous/2,2,balanced,4,2,0.75,0.5,1,53.5,1,4,5.25,9,4,0,20.25,2.5,0.5,1.25,26.25,2.75,19,1.25
war-generous/2,2,war,8,4,0.6875,0.25,1,48.875,1.25,4,6.75,9.25,1.125,3.375,21,6.75,0.75,2.875,14.625,2.875,19.75,1.25
war-generous/2,2,economy,8,4,0.5,0.125,0.875,49.625,1.5,3.875,6.375,11.75,1,5.5,18.75,3.375,1.125,1.25,21.625,3.5,21.75,2.75
war-generous/2,2,bonus,6,3,0.5,0.5,0.5,50,1.5,3.8333333333333335,6.666666666666667,8.833333333333334,0.8333333333333334,5.166666666666667,17,4.166666666666667,1.1666666666666667,3,22.166666666666668,2.5,19.333333333333332,2.3333333333333335
war-generous/2,2,rush,4,2,0.5,0.5,0.5,42,1.5,4,6.5,9.25,0.5,6.25,18,2,1.5,2.5,15.25,2.75,17.75,2.25
war-generous/2,2,savings,4,2,0.5,0.5,0.5,47.5,1.25,4,6.5,13.25,2.75,1.75,19.5,0.5,0,7.5,16,4,26.25,1.5
war-generous/2,2,faith,8,4,0.4375,0.125,0.8125,46.75,1.5,4,6.375,7.875,0.875,4.125,19.5,2.25,0.75,3.125,18.375,2.75,19.375,1.5
war-generous/2,2,tech,6,3,0.16666666666666666,0,0.5,46,1.8333333333333333,4,5.5,10.333333333333334,3.1666666666666665,1.3333333333333333,19,2,0,1.3333333333333333,20.5,3.1666666666666665,19.333333333333332,2.6666666666666665
war-generous/5,5,war,40,8,0.2833333333333333,0.20833333333333331,0.39166666666666666,40.25,2.75,4.1,6.425,9.15,2.05,3.075,13.65,4.35,0.45,2.475,16.05,3.275,19.3,1.975
war-generous/5,5,rush,40,8,0.275,0.15,0.45,40.025,3.05,4.15,6.675,7.5,1.975,4.5,13.1,3.775,0.625,2.175,17.875,2.475,17.725,2.9
war-generous/5,5,tech,30,6,0.2,0.10000000000000002,0.3,38.333333333333336,3.466666666666667,4.1,6.166666666666667,8.266666666666667,3.7666666666666666,2.966666666666667,12.466666666666667,2.8666666666666667,0.7,1.4333333333333333,18.233333333333334,2.6333333333333333,18.966666666666665,2.933333333333333
war-generous/5,5,faith,35,7,0.19047619047619047,0.08571428571428573,0.30476190476190473,42.17142857142857,2.7142857142857144,4.142857142857143,6.142857142857143,8.657142857142857,2.1714285714285713,4.228571428571429,14.228571428571428,3.257142857142857,0.4857142857142857,2,19.02857142857143,3.1714285714285713,18.17142857142857,2.914285714285714
war-generous/5,5,savings,35,7,0.18095238095238098,0.08571428571428573,0.27619047619047615,40.51428571428571,2.6,4.114285714285714,6.371428571428571,11.657142857142857,1.8,3.2,12.057142857142857,1.7714285714285714,0.5714285714285714,3.5428571428571427,18.65714285714286,3.914285714285714,21.571428571428573,1.2285714285714286
war-generous/5,5,economy,45,9,0.17777777777777778,0.08888888888888889,0.2666666666666667,39.577777777777776,2.8444444444444446,4.111111111111111,6.488888888888889,11.733333333333333,2.2444444444444445,2.8,11.688888888888888,2.5555555555555554,0.6222222222222222,3.088888888888889,17.355555555555554,4.266666666666667,23.066666666666666,1.5333333333333334
war-generous/5,5,balanced,30,6,0.15555555555555556,0.07777777777777778,0.2222222222222222,39.93333333333333,3.033333333333333,4.1,6.566666666666666,9.233333333333333,2.533333333333333,4.4,11.733333333333333,3.533333333333333,0.3,1.9666666666666666,19.466666666666665,2.933333333333333,18.166666666666668,3.066666666666667
war-generous/5,5,bonus,45,9,0.13333333333333333,0.022222222222222223,0.2444444444444444,38.8,3.022222222222222,4.111111111111111,6.666666666666667,8.333333333333334,2.088888888888889,3.8,11.6,3.3555555555555556,0.37777777777777777,2.088888888888889,18.88888888888889,2.488888888888889,18.755555555555556,2.3777777777777778
emphasis-0.7/2,2,war,24,12,0.6875,0.5416666666666666,0.8333333333333334,48.166666666666664,1.2916666666666667,4.625,7.291666666666667,9.083333333333334,1.5833333333333333,5.458333333333333,12.333333333333334,4.958333333333333,1.375,1.4166666666666667,24.25,3.8333333333333335,19.666666666666668,2.3333333333333335
emphasis-0.7/2,2,savings,24,12,0.6666666666666666,0.5416666666666666,0.7916666666666666,48.625,1.3333333333333333,4.541666666666667,7.166666666666667,9.25,2.625,4.625,11,3.4166666666666665,1.6666666666666667,2.3333333333333335,27,3.2083333333333335,21.125,2.25
emphasis-0.7/2,2,bonus,24,12,0.6041666666666666,0.4375,0.75,47.291666666666664,1.375,4.541666666666667,7.041666666666667,8.75,1.6666666666666667,5.916666666666667,12,3.25,1.6666666666666667,2.125,24.958333333333332,3.2916666666666665,19.125,3
emphasis-0.7/2,2,economy,24,12,0.5416666666666666,0.4166666666666667,0.6666666666666666,44.666666666666664,1.4583333333333333,4.5,6.833333333333333,8.666666666666666,2,5.291666666666667,11,2.4166666666666665,1.4166666666666667,1.8333333333333333,25,3,20.791666666666668,2.7083333333333335
emphasis-0.7/2,2,rush,24,12,0.5,0.2916666666666667,0.7083333333333334,48.541666666666664,1.5,4.875,7.75,9.083333333333334,1.875,6.75,12.5,4.041666666666667,1.3333333333333333,2.0833333333333335,25.041666666666668,3.5416666666666665,21.041666666666668,3.75
emphasis-0.7/2,2,faith,24,12,0.4791666666666667,0.3333333333333333,0.625,46.083333333333336,1.5,4.666666666666667,7,8.833333333333334,2.125,6.375,11.166666666666666,3.6666666666666665,1.1666666666666667,1.625,25.5,2.9583333333333335,19.208333333333332,3.4583333333333335
emphasis-0.7/2,2,tech,24,12,0.4583333333333333,0.2916666666666667,0.625,43.916666666666664,1.5416666666666667,4.541666666666667,7.083333333333333,8.208333333333334,2.75,4.083333333333333,10.333333333333334,2.9166666666666665,1,1.5416666666666667,25.125,3,19.791666666666668,1.6666666666666667
emphasis-0.7/2,2,balanced,168,12,0.4375,0.3898809523809524,0.48511904761904767,46.29761904761905,1.5535714285714286,4.613095238095238,6.916666666666667,8.095238095238095,2.5833333333333335,5.559523809523809,10.476190476190476,3.125,1.25,1.4821428571428572,26.910714285714285,3.0535714285714284,19.476190476190474,3.0238095238095237
emphasis-1.3/2,2,economy,24,12,0.625,0.4166666666666667,0.8333333333333334,43.833333333333336,1.375,4.416666666666667,6.958333333333333,9.875,2.625,3.5833333333333335,11,2.4166666666666665,1.25,2.5416666666666665,23.041666666666668,3.5833333333333335,22.666666666666668,1.625
emphasis-1.3/2,2,bonus,24,12,0.5625,0.375,0.75,48.375,1.4166666666666667,4.666666666666667,7.25,8.208333333333334,2,6.291666666666667,12.333333333333334,3.7083333333333335,1.6666666666666667,1.7083333333333333,26.125,2.8333333333333335,19.166666666666668,3.0833333333333335
emphasis-1.3/2,2,rush,24,12,0.5625,0.4166666666666667,0.7083333333333334,48.416666666666664,1.4166666666666667,4.833333333333333,7.833333333333333,9.333333333333334,1.2916666666666667,6.208333333333333,13.333333333333334,4.791666666666667,1.25,2.8333333333333335,22.458333333333332,3.75,20.375,3.1666666666666665
emphasis-1.3/2,2,balanced,168,12,0.5208333333333334,0.44940476190476186,0.5952380952380953,47.55952380952381,1.4702380952380953,4.648809523809524,7.029761904761905,8.303571428571429,2.630952380952381,5.642857142857143,10.595238095238095,3.3392857142857144,1.2678571428571428,1.8988095238095237,27.398809523809526,3.0595238095238093,19.892857142857142,3.142857142857143
emphasis-1.3/2,2,savings,24,12,0.4583333333333333,0.2916666666666667,0.625,48.458333333333336,1.5416666666666667,4.666666666666667,7,13.416666666666666,1.5416666666666667,3.6666666666666665,10.666666666666666,2.1666666666666665,0.875,3.2083333333333335,25.25,6.291666666666667,23.041666666666668,1.25
emphasis-1.3/2,2,war,24,12,0.4375,0.2916666666666667,0.5833333333333334,45.125,1.5416666666666667,4.583333333333333,7.375,8.375,1.4583333333333333,5.166666666666667,11.166666666666666,4.708333333333333,1.125,1.9166666666666667,22.583333333333332,3.625,19.416666666666668,2.125
emphasis-1.3/2,2,faith,24,12,0.4166666666666667,0.25,0.5833333333333334,48.208333333333336,1.5833333333333333,4.791666666666667,7.125,8.5,2.375,6.708333333333333,11.666666666666666,3.5416666666666665,1.25,1.8333333333333333,27.291666666666668,2.625,20.208333333333332,4.208333333333333
emphasis-1.3/2,2,tech,24,12,0.2916666666666667,0.125,0.5,42.833333333333336,1.7083333333333333,4.583333333333333,6.75,8.75,3.7083333333333335,4.041666666666667,10,3.2083333333333335,0.4583333333333333,0.8333333333333334,25.291666666666668,3.0416666666666665,19.5,2.875
beam-3/2,2,bonus,16,8,0.59375,0.375,0.8125,45.125,1.375,4.5,7.3125,10.625,2.9375,4.25,10,2.375,0.75,4.125,24.6875,3.1875,24.6875,2.875
beam-3/2,2,balanced,112,8,0.5044642857142857,0.4375,0.5714285714285714,45.330357142857146,1.4821428571428572,4.580357142857143,7.169642857142857,12.339285714285714,2,4.901785714285714,10.821428571428571,2.767857142857143,0.875,4.160714285714286,22.982142857142858,3.7232142857142856,24.526785714285715,2.7232142857142856
beam-3/2,2,war,16,8,0.5,0.3125,0.6875,45.25,1.5,4.5625,6.9375,13.5625,1.375,4.5625,11.25,4.625,1.1875,4.125,19.75,4.3125,23.875,1.9375
beam-3/2,2,rush,16,8,0.5,0.25,0.75,45.9375,1.5,4.75,7.5,12,2.625,4.25,12,5.5625,0.5625,4.25,19.75,3.8125,23.9375,3
beam-3/2,2,savings,16,8,0.5,0.25,0.75,44,1.5,4.5625,6.8125,17.25,2,3.125,8.75,1.875,1.3125,4.5625,20.625,6.875,26.75,2.25
beam-3/2,2,tech,16,8,0.46875,0.40625,0.5,45.625,1.5,4.5625,6.875,11.125,2.8125,4.5625,11.25,2.0625,1,3.4375,24.4375,3.4375,23.75,2.75
beam-3/2,2,economy,16,8,0.46875,0.3125,0.59375,47.8125,1.5,4.625,7.5625,13.625,2.3125,4.6875,9.5,2.75,1.125,4.25,26,4.1875,27.75,2.3125
beam-3/2,2,faith,16,8,0.4375,0.3125,0.5,45.0625,1.5625,4.5,6.875,9.875,1.1875,5.3125,12.5,3.6875,1.1875,3.8125,20.9375,2.9375,21.875,1.625
beam-10/2,2,balanced,112,8,0.5491071428571429,0.43303571428571436,0.65625,45.044642857142854,1.4107142857142858,4.526785714285714,7.125,11.544642857142858,2.5267857142857144,4.580357142857143,10.964285714285714,3.142857142857143,0.7857142857142857,4.008928571428571,22.571428571428573,3.5714285714285716,23.491071428571427,2.794642857142857
beam-10/2,2,tech,16,8,0.5,0.375,0.65625,45.3125,1.4375,4.5,7.0625,10.375,3.9375,3.25,10.75,2.875,0.25,3.75,24.5625,3.125,23.4375,3.0625
beam-10/2,2,faith,16,8,0.5,0.25,0.75,43.125,1.5,4.4375,7.1875,8.875,1.375,4.875,10.5,3.0625,0.8125,4.0625,22.0625,2.625,21.1875,1.625
beam-10/2,2,war,16,8,0.5,0.3125,0.6875,46.3125,1.4375,4.625,7.5,11.375,3.0625,4.25,10,3.75,0.8125,4.3125,23.4375,4,23.75,2.75
beam-10/2,2,bonus,16,8,0.46875,0.28125,0.65625,44.6875,1.5,4.5,7.1875,10.875,3.125,3.9375,10.5,3.0625,0.9375,3.9375,22.9375,3.3125,23.3125,3.0625
beam-10/2,2,rush,16,8,0.46875,0.3125,0.59375,47.5625,1.5,4.6875,7.5625,11.25,2.3125,4,12,4.3125,0.5625,4.875,22.375,3.4375,23.0625,2.625
beam-10/2,2,economy,16,8,0.4375,0.25,0.65625,46.6875,1.5,4.5,7.375,13.1875,3.3125,3.25,10,2,0.5625,4.75,25.375,4,27,2.4375
beam-10/2,2,savings,16,8,0.28125,0.0625,0.59375,40.5,1.6875,4.4375,6.625,16.75,2.125,3,8.75,1.5625,0.4375,4.375,19.6875,5.6875,26.0625,2.125
